<?xml version="1.0" encoding="UTF-8"?>
<beans xmlns="http://www.springframework.org/schema/beans"
	xmlns:xsi="http://www.w3.org/2001/XMLSchema-instance" xmlns:aop="http://www.springframework.org/schema/aop"
	xmlns:context="http://www.springframework.org/schema/context"
	xmlns:jee="http://www.springframework.org/schema/jee" xmlns:lang="http://www.springframework.org/schema/lang"
	xmlns:p="http://www.springframework.org/schema/p" xmlns:tx="http://www.springframework.org/schema/tx"
	xmlns:util="http://www.springframework.org/schema/util"
	xsi:schemaLocation="http://www.springframework.org/schema/beans http://www.springframework.org/schema/beans/spring-beans.xsd
        http://www.springframework.org/schema/aop http://www.springframework.org/schema/aop/spring-aop.xsd
        http://www.springframework.org/schema/context http://www.springframework.org/schema/context/spring-context.xsd
        http://www.springframework.org/schema/jee http://www.springframework.org/schema/jee/spring-jee.xsd
        http://www.springframework.org/schema/lang http://www.springframework.org/schema/lang/spring-lang.xsd
        http://www.springframework.org/schema/tx http://www.springframework.org/schema/tx/spring-tx.xsd
        http://www.springframework.org/schema/util http://www.springframework.org/schema/util/spring-util.xsd">

	
	
	<context:annotation-config />
	<context:component-scan base-package="com.metacube" />	
	<context:property-placeholder location="classpath:dummyData.properties"/>
		
	<bean id="sessionFactory"
		class="org.springframework.orm.hibernate3.LocalSessionFactoryBean">
		<property name="configLocation">
			<value>classpath:hibernate.cfg.xml</value>
		</property>
		<property name="configurationClass">
			<value>org.hibernate.cfg.AnnotationConfiguration</value>
		</property>
	</bean>
	<bean id="mailSender" class="org.springframework.mail.javamail.JavaMailSenderImpl">  
	  <property name="host" value="smtp.gmail.com" />  
	    <property name="username" value="teammjmail12@gmail.com" />  
	    <property name="password" value="12teammj" />  
	    <property name="javaMailProperties">  
	       <props>  
	              <prop key="mail.smtp.auth">true</prop>  
	              <prop key="mail.smtp.socketFactory.port">465</prop>  
	              <prop key="mail.smtp.socketFactory.class">javax.net.ssl.SSLSocketFactory</prop>  
	              <prop key="mail.smtp.port">465</prop>  
	        </props>  
	    </property>  
	</bean>
	<bean id="userValidator" class="com.metacube.validator.UserValidator" />
	<bean id="userResetValidator" class="com.metacube.validator.UserResetPasswordValidator" />
	<bean id="emailValidator" class="com.metacube.validator.EmailValidator" />
	<bean id="tagValidator" class="com.metacube.validator.TagValidator" />
	<bean id="answerPostValidator" class="com.metacube.validator.AnswerPostValidator" />
	<bean id="viewResolver" class="org.springframework.web.servlet.view.UrlBasedViewResolver">
	    <property name="viewClass" value="org.springframework.web.servlet.view.JstlView"/>
	    <property name="prefix" value="/views/jsp/"/>
	    <property name="suffix" value=".jsp"/>
	</bean>
	<tx:annotation-driven />
	<bean id="transactionManager"
		class="org.springframework.orm.hibernate3.HibernateTransactionManager">
		<property name="sessionFactory" ref="sessionFactory" />
	</bean>	
	
	<bean id="multipartResolver" class="org.springframework.web.multipart.commons.CommonsMultipartResolver">
		<property name="maxUploadSize" value="10000000" />
	</bean>	
</beans>