<?xml version="1.0" encoding="UTF-8"?>
<!DOCTYPE hibernate-configuration PUBLIC
    "-//Hibernate/Hibernate Configuration DTD//EN"
    "http://hibernate.sourceforge.net/hibernate-configuration-3.0.dtd"> 
    
<hibernate-configuration>
    <session-factory>
        <!-- Database connection settings -->
        <property name="connection.driver_class">com.mysql.jdbc.Driver</property>
        <property name="connection.url">jdbc:mysql://localhost:3306/QuestionDatabase?createDatabaseIfNotExist=true</property>
        <property name="connection.username">root</property>
        <property name="connection.password">mysql</property>
        
        <property name="dialect">org.hibernate.dialect.MySQLDialect</property>
        <property name="show_sql">true</property>
        <property name="hbm2ddl.auto">update</property>
 
 		<mapping class="com.metacube.model.Role"/>
 		<mapping class="com.metacube.model.User"/>
 		<mapping class="com.metacube.model.QuestionTag"/>
 		<mapping class="com.metacube.model.Question"/>
 		<mapping class="com.metacube.model.Answer"/>
 		<mapping class="com.metacube.model.Likes"/>
 		 
    </session-factory>
</hibernate-configuration>